θname,θindices,n_random_combinations,simultaneous_coverage,coverage_lb,coverage_ub,pointwise_coverage,num_points
"[:λ1, :λ2, :δ, :K, :C01, :C02, :σ]","[1, 2, 3, 4, 5, 6, 7]",0,0.86,0.7326039975029917,0.9418082996596279,[1.0 0.96; 1.0 0.96; 1.0 0.96; 1.0 0.96; 1.0 0.96; 1.0 0.96; 1.0 0.96; 1.0 0.96; 1.0 0.96; 1.0 0.96; 1.0 0.96; 1.0 0.96; 1.0 0.96; 1.0 0.96; 1.0 0.96; 1.0 0.96; 1.0 0.96; 1.0 0.96; 1.0 0.98; 1.0 0.98; 1.0 0.98; 1.0 0.98; 1.0 0.98; 1.0 0.98; 1.0 0.98; 1.0 0.98; 1.0 0.98; 1.0 0.98; 1.0 0.98; 1.0 1.0; 1.0 1.0; 1.0 1.0; 1.0 1.0; 1.0 1.0; 1.0 1.0; 0.98 1.0; 0.96 1.0; 0.96 1.0; 0.96 1.0; 0.96 1.0; 0.98 1.0; 0.98 1.0; 0.98 1.0; 0.98 1.0; 0.98 1.0; 0.98 1.0; 0.98 1.0; 0.98 1.0; 0.98 1.0; 0.98 1.0; 0.98 1.0; 0.98 1.0; 0.98 1.0; 0.98 1.0; 0.98 1.0; 0.98 1.0; 0.98 1.0; 0.98 1.0; 0.96 1.0; 0.96 1.0; 0.96 1.0; 0.96 1.0; 0.96 1.0; 0.96 1.0; 0.96 1.0; 0.96 1.0; 0.96 1.0; 0.96 1.0; 0.96 1.0; 0.96 1.0; 0.98 1.0; 0.98 1.0; 0.98 1.0; 0.98 1.0; 0.98 1.0; 0.98 1.0; 0.98 1.0; 1.0 1.0; 1.0 1.0; 1.0 1.0; 1.0 1.0; 1.0 1.0; 1.0 1.0; 1.0 1.0; 1.0 1.0; 1.0 1.0; 1.0 1.0; 1.0 1.0; 1.0 1.0; 1.0 1.0; 1.0 1.0; 1.0 1.0; 1.0 1.0; 1.0 1.0; 1.0 1.0; 1.0 1.0; 1.0 1.0; 1.0 1.0; 1.0 1.0; 1.0 1.0; 1.0 1.0; 1.0 1.0; 1.0 1.0; 1.0 1.0; 1.0 1.0; 1.0 1.0; 1.0 1.0; 1.0 1.0; 1.0 1.0; 1.0 1.0; 1.0 1.0; 1.0 1.0; 1.0 1.0; 1.0 1.0; 1.0 1.0; 1.0 0.98; 1.0 0.98; 1.0 0.98; 1.0 0.98; 1.0 0.98; 1.0 0.98; 1.0 0.98; 1.0 0.98; 1.0 0.98; 1.0 0.98; 1.0 0.98; 1.0 0.98; 1.0 0.98; 1.0 0.98; 1.0 0.98; 1.0 0.98; 1.0 0.98; 1.0 0.98; 1.0 0.98; 1.0 0.98; 1.0 0.98; 1.0 0.98; 1.0 0.98; 1.0 0.98; 1.0 0.98; 1.0 0.98; 1.0 0.98; 1.0 0.98; 1.0 0.98; 1.0 0.98; 1.0 0.98; 1.0 0.98; 1.0 0.98; 1.0 0.98; 1.0 1.0; 1.0 1.0; 1.0 1.0; 1.0 1.0; 1.0 1.0; 1.0 1.0; 1.0 0.98; 1.0 0.98; 1.0 0.98; 1.0 0.98; 1.0 0.98; 1.0 0.98; 1.0 0.98; 1.0 0.98; 1.0 0.98; 1.0 0.98; 1.0 0.98; 1.0 0.98; 1.0 0.98; 1.0 0.98; 1.0 0.98; 1.0 0.98; 1.0 0.98; 1.0 0.98; 1.0 0.98; 1.0 0.98; 1.0 0.98; 1.0 0.98; 1.0 0.98; 1.0 0.98; 1.0 0.98; 1.0 0.98; 1.0 0.98; 1.0 0.98; 1.0 0.98; 1.0 0.98; 1.0 0.98; 1.0 0.98; 1.0 0.98; 1.0 0.98; 1.0 0.98; 1.0 0.98; 1.0 0.98; 1.0 0.98; 1.0 0.98; 1.0 0.98; 1.0 0.98; 1.0 0.98; 1.0 0.98; 1.0 0.98; 1.0 0.98; 1.0 0.98],10000000
