θname,θindices,n_random_combinations,simultaneous_coverage,coverage_lb,coverage_ub,pointwise_coverage,num_points
"[:λ1, :λ2, :δ, :K, :C01, :C02, :σ]","[1, 2, 3, 4, 5, 6, 7]",0,0.8,0.7081573109113719,0.8733444478980441,[0.96 0.96; 0.96 0.96; 0.96 0.96; 0.96 0.96; 0.96 0.96; 0.96 0.96; 0.96 0.96; 0.96 0.96; 0.96 0.96; 0.96 0.96; 0.96 0.96; 0.96 0.97; 0.96 0.97; 0.96 0.97; 0.96 0.97; 0.96 0.97; 0.96 0.98; 0.96 0.97; 0.96 0.97; 0.96 0.97; 0.96 0.97; 0.96 0.97; 0.96 0.97; 0.96 0.97; 0.96 0.97; 0.96 0.97; 0.96 0.97; 0.95 0.98; 0.94 0.98; 0.94 0.98; 0.94 0.98; 0.94 0.98; 0.94 0.98; 0.94 0.99; 0.94 0.99; 0.94 0.99; 0.94 0.99; 0.96 0.99; 0.96 0.99; 0.96 0.99; 0.96 0.99; 0.96 0.99; 0.96 0.99; 0.96 0.99; 0.96 0.99; 0.96 0.99; 0.96 0.99; 0.96 0.99; 0.97 0.98; 0.97 0.98; 0.97 0.98; 0.97 0.97; 0.97 0.97; 0.96 0.97; 0.96 0.97; 0.96 0.97; 0.96 0.97; 0.96 0.97; 0.96 0.97; 0.96 0.96; 0.95 0.96; 0.96 0.96; 0.96 0.96; 0.96 0.96; 0.96 0.97; 0.96 0.97; 0.96 0.97; 0.96 0.97; 0.96 0.97; 0.96 0.97; 0.96 0.97; 0.97 0.97; 0.97 0.97; 0.97 0.97; 0.96 0.97; 0.96 0.97; 0.96 0.97; 0.96 0.97; 0.97 0.97; 0.97 0.97; 0.98 0.96; 0.98 0.97; 0.98 0.97; 0.98 0.97; 0.98 0.97; 0.98 0.97; 0.98 0.97; 0.98 0.97; 0.98 0.97; 0.98 0.97; 0.98 0.97; 0.98 0.98; 0.98 0.98; 0.98 0.98; 0.98 0.98; 0.98 0.98; 0.98 0.98; 0.98 0.98; 0.97 0.98; 0.97 0.98; 0.97 0.98; 0.96 0.98; 0.96 0.97; 0.95 0.97; 0.95 0.97; 0.94 0.97; 0.94 0.97; 0.94 0.97; 0.94 0.97; 0.94 0.97; 0.94 0.97; 0.94 0.96; 0.94 0.96; 0.94 0.96; 0.94 0.96; 0.94 0.96; 0.94 0.96; 0.94 0.96; 0.94 0.96; 0.94 0.96; 0.94 0.96; 0.94 0.97; 0.94 0.97; 0.95 0.97; 0.95 0.97; 0.96 0.97; 0.97 0.97; 0.98 0.96; 0.98 0.96; 0.98 0.96; 0.98 0.96; 0.98 0.95; 0.98 0.95; 0.98 0.96; 0.98 0.96; 0.98 0.96; 0.98 0.96; 0.98 0.96; 0.98 0.96; 0.98 0.96; 0.98 0.97; 0.98 0.98; 0.98 0.98; 0.98 0.98; 0.98 0.98; 0.98 0.98; 0.98 0.98; 0.98 0.98; 0.98 0.98; 0.98 0.98; 0.98 0.98; 0.98 0.98; 0.98 0.98; 0.98 0.98; 0.98 0.98; 0.98 0.98; 0.98 0.98; 0.98 0.98; 0.98 0.98; 0.98 0.98; 0.98 0.98; 0.98 0.98; 0.98 0.98; 0.98 0.98; 0.98 0.98; 0.98 0.98; 0.98 0.98; 0.98 0.98; 0.98 0.98; 0.98 0.98; 0.98 0.98; 0.98 0.98; 0.98 0.98; 0.98 0.98; 0.98 0.98; 0.98 0.98; 0.98 0.98; 0.98 0.98; 0.98 0.98; 0.98 0.98; 0.98 0.98; 0.98 0.98; 0.98 0.98; 0.98 0.98; 0.98 0.99; 0.98 1.0; 0.98 1.0; 0.98 1.0; 0.98 1.0; 0.98 1.0; 0.98 1.0; 0.98 1.0; 0.98 1.0; 0.98 1.0; 0.98 1.0; 0.98 1.0; 0.98 1.0; 0.98 1.0; 0.98 1.0; 0.98 1.0; 0.98 1.0],2000000
