θname,θindex,coverage,coverage_lb,coverage_ub
λ1,1,0.936,0.919004925632949,0.9503669107081509
λ2,2,0.953,0.9379873693066948,0.9652649377332041
δ,3,0.94,0.9234395095960652,0.9539049645775157
K,4,0.936,0.919004925632949,0.9503669107081509
C01,5,0.931,0.9134848906542884,0.9459206642067437
C02,6,0.947,0.9312448167100368,0.9600507476399807
σ,7,0.888,0.8668008344307598,0.9068814600783898
