θname,θindex,coverage,coverage_lb,coverage_ub
λ1,1,0.907,0.887280582298844,0.9242815973931352
λ2,2,0.898,0.877554848934442,0.9160645399595132
δ,3,0.896,0.8753998434301015,0.9142321773743625
K,4,0.91,0.8905334268616608,0.9270095335433771
C01,5,0.907,0.887280582298844,0.9242815973931352
C02,6,0.914,0.8948797315656734,0.9306374694275863
σ,7,0.787,0.7602970320738748,0.8120011481939204
