t,y_true,y_obs
0,10.0,19.274068122347888
100,23.196931668407395,20.135021478844916
200,45.085306037928376,37.22552540697875
300,69.05678577030156,74.86970332250401
400,85.8486449758214,88.5061862812124
500,94.28256185740149,82.81423211476242
600,97.81780512369622,123.8849431319451
700,99.18598678672114,103.24788247791469
800,99.69899242601383,78.8913466647897
900,99.88905440229227,87.86678816887373
1000,99.95915675173919,112.99224832365276
