params,LSatus,UStatus,LBound,UBound,LCount,UCount,TotCount,InitValues
λ,BORDER_FOUND_BY_SCAN_TOL,BORDER_FOUND_BY_SCAN_TOL,0.0064279135975813155,0.019686448624671705,304,1227,1531,0.01053235563279569
K,BORDER_FOUND_BY_SCAN_TOL,BORDER_FOUND_BY_SCAN_TOL,91.59819680576805,109.46632532555937,638,422,1060,100.06748817567728
C0,BORDER_FOUND_BY_SCAN_TOL,BORDER_FOUND_BY_SCAN_TOL,1.1112811646976493,21.26105377887374,607,869,1476,8.820501748728539
