θnames,θindices,coverage,coverage_lb,coverage_ub,num_boundary_points
"[:α, :β]","[1, 2]",0.95,0.9346095120845064,0.9626646023953382,30
"[:α, :x0]","[1, 3]",0.952,0.9368598845984908,0.9643997346571167,30
"[:α, :y0]","[1, 4]",0.94,0.9234395095960652,0.9539049645775157,30
"[:β, :x0]","[2, 3]",0.954,0.9391164472862573,0.9661285014523221,30
"[:β, :y0]","[2, 4]",0.954,0.9391164472862573,0.9661285014523221,30
"[:x0, :y0]","[3, 4]",0.949,0.9334865384050652,0.9617947632253139,30
