params,LSatus,UStatus,LBound,UBound,LCount,UCount,TotCount,InitValues
α,BORDER_FOUND_BY_SCAN_TOL,BORDER_FOUND_BY_SCAN_TOL,0.8303488492595124,0.9125972062332405,432,317,749,0.8701453152167677
β,BORDER_FOUND_BY_SCAN_TOL,BORDER_FOUND_BY_SCAN_TOL,1.0267733272582957,1.2091309286262129,445,470,915,1.110429420511458
x0,BORDER_FOUND_BY_SCAN_TOL,BORDER_FOUND_BY_SCAN_TOL,0.7019819010495882,0.902499142058285,100,545,645,0.8014393483147453
y0,BORDER_FOUND_BY_SCAN_TOL,BORDER_FOUND_BY_SCAN_TOL,0.25639585635158024,0.34875626045191843,115,449,564,0.2966370108845062
