θname,θindex,coverage,coverage_lb,coverage_ub
α,1,0.94,0.9234395095960652,0.9539049645775157
β,2,0.944,0.9278922537167472,0.9574244503133829
x0,3,0.962,0.9482128963780359,0.9729711840170161
y0,4,0.957,0.9425137420380276,0.9687088295439074
