θname,θindex,coverage,coverage_lb,coverage_ub
α,1,0.952,0.9368598845984908,0.9643997346571167
β,2,0.951,0.9357339468598304,0.9635329408279522
x0,3,0.949,0.9334865384050652,0.9617947632253139
y0,4,0.942,0.9256635046176483,0.9556671397471793
