θname,θindex,coverage,coverage_lb,coverage_ub
λ1,1,0.93,0.8610802715441427,0.9713947110925613
λ2,2,0.97,0.91482394702572,0.9937700284616936
δ,3,0.96,0.9007428432873401,0.9889955060138118
KK,4,0.99,0.9455406146079194,0.9997468539670226
C01,5,0.93,0.8610802715441427,0.9713947110925613
CO2,6,0.98,0.9296160675289299,0.9975686631760574
σ,7,0.96,0.9007428432873401,0.9889955060138118
