θname,θindex,coverage,coverage_lb,coverage_ub
λ1,1,0.888,0.8668008344307598,0.9068814600783898
λ2,2,0.936,0.919004925632949,0.9503669107081509
δ,3,0.905,0.885115155595548,0.922459792918345
K,4,0.898,0.877554848934442,0.9160645399595132
C01,5,0.897,0.8764770735985743,0.9151486346500823
C02,6,0.962,0.9482128963780359,0.9729711840170161
σ,7,0.813,0.7874249204685702,0.8367167800753991
