θname,θindex,coverage,coverage_lb,coverage_ub
λ1,1,0.914,0.8948797315656734,0.9306374694275863
λ2,2,0.919,0.9003283010315127,0.935156460291505
δ,3,0.895,0.8743231515446638,0.9133151751754599
K,4,0.91,0.8905334268616608,0.9270095335433771
C01,5,0.911,0.8916189999399975,0.92791753546024
C02,6,0.96,0.9459273031806316,0.9712723747141092
σ,7,0.801,0.7748840900369928,0.8253299436678188
