θname,θindex,coverage,coverage_lb,coverage_ub
λ1,1,0.912,0.883664829,0.935331542
λ2,2,0.888,0.857031477,0.914279418
δ,3,0.9,0.870290914,0.924864185
KK,4,0.92,0.892654536,0.94223388
C01,5,0.9,0.870290914,0.924864185
C02,6,0.94,0.915451446,0.959155818
σ,7,0.8,0.76220817,0.834199874
