θname,θindex,coverage,coverage_lb,coverage_ub
λ1,1,0.938,0.913147403,0.957488939
λ2,2,0.944,0.920078699,0.962469556
δ,3,0.95,0.927072378,0.96738482
KK,4,0.932,0.906270353,0.952451753
C01,5,0.938,0.913147403,0.957488939
C02,6,0.952,0.929419204,0.969006831
σ,7,0.904,0.874735253,0.928367306
