θname,θindex,coverage,coverage_lb,coverage_ub
λ1,1,0.95,0.9346095120845064,0.9626646023953382
λ2,2,0.954,0.9391164472862573,0.9661285014523221
δ,3,0.943,0.9267772705393378,0.9565464180630414
K,4,0.941,0.9245509269157592,0.9547866455972034
C01,5,0.951,0.9357339468598304,0.9635329408279522
C02,6,0.954,0.9391164472862573,0.9661285014523221
σ,7,0.899,0.8786331764880316,0.9169798860881977
