θname,θindex,coverage,coverage_lb,coverage_ub
β,1,0.999,0.9944410757201734,0.9999746825125088
δ,2,0.984,0.9741467509186266,0.9908276807307779
