θname,θindex,coverage,coverage_lb,coverage_ub
Epo_degradation_BaF3,1,0.984,0.9595426193679008,0.9956237734910259
k_exp_hetero,2,0.996,0.9779161349993668,0.999898733895821
k_exp_homo,3,0.96,0.9276706445096196,0.9806545014947354
k_imp_hetero,4,0.984,0.9595426193679008,0.9956237734910259
k_imp_homo,5,1.0,0.9853528113643196,1.0
k_phos,6,0.92,0.8791496191700798,0.9504502557816867
σ_pSTAT5A_rel,7,0.876,0.8286293362913787,0.9141709726566385
σ_pSTAT5B_rel,8,0.96,0.9276706445096196,0.9806545014947354
σ_rSTAT5A_rel,9,0.94,0.9029692191009014,0.966033038343429
